target,a,b,c,e,f,g,h,i,k,l,m,n,o,p,q,r,s,t,u,v,w,y,z,{
0.0,0.2835239885618714,-1.2089832609191118,0.31599426408911524,-0.7395099728874521,1.5543093426550079,-0.7660855485181041,1.3581141498511196,-0.4567637173913662,-0.6395161948974383,-0.7283672223819678,1.3074398936474174,0.8283028669721403,0.8570964841522538,0.8841570353188137,0.8372653910279293,0.17715996100411865,-2.0615528128088303,-0.5702249450032048,0.18063096948891016,-0.8208092806338753,-0.4650921769479607,0.4140964211177425,-0.1874299885951839,1.011976474796805
0.0,-1.304210347384608,0.93874434311834,0.20676167897189032,-0.7395099728874521,1.161681065486921,0.2239326987975996,0.7357377800339125,-0.4567637173913662,0.23520175311419136,-0.993721923993461,-0.39527252598642865,0.5193387227933847,0.4795605393762219,0.48291060033094857,0.40178632826217664,0.36459885153832766,-2.0615528128088303,0.10576753012156223,0.14797955946523234,0.3164769803681138,0.5225160836179105,0.1610425541543503,-0.5889959723931548,-0.9881652636251156
1.0,-1.304210347384608,0.474836736522654,0.20676167897189032,-0.7395099728874521,-0.3734646177620541,1.2139509461133033,0.34156607914968135,2.189315748875859,0.01413310189881382,0.8096174121043455,-0.39527252598642865,0.155237447481199,0.0642710001225868,0.09192466511690653,0.02707526889943967,0.1137573410379687,0.48507125007266594,-0.5702249450032048,0.34498979600540364,-0.25216615013288074,-1.0529251929078967,0.21781027156817556,0.7020414272026329,1.011976474796805
0.0,0.2835239885618714,1.4177915633583464,-1.1040293424348084,-0.7395099728874521,0.3831819380834458,0.2239326987975996,0.41417665562835554,-0.4567637173913662,-0.3497312217530115,-1.3286758739720106,1.3074398936474174,1.1188650756799905,1.2346324289282857,1.2020577746064676,1.2598215532613917,-1.0497044625463776,0.48507125007266594,-1.1496470665387193,-0.9176262108790878,-0.8208092806338753,0.7901796229452653,-0.9930072645775471,-2.9029679798094845,-0.9881652636251156
0.0,0.2835239885618714,-0.2237616176079483,-0.23016866149700926,-0.7395099728874521,0.46203749500775854,1.2139509461133033,-0.24969147217666535,2.189315748875859,0.059874416797712854,-0.07859368914521722,1.3074398936474174,0.798271981523578,0.8193428896746506,0.8375207928712707,0.8234538761515798,-0.37926980965717927,0.48507125007266594,-0.6667952985924572,-0.23780903493311206,2.1361349979712965,-0.43507493982924295,-0.32193356236389975,0.32457504299724527,-0.9881652636251156
0.0,-1.304210347384608,-0.264354679432589,1.0806223599096896,-0.7395099728874521,0.5708823752394067,2.2039691934290073,-0.12521619821322394,-0.4567637173913662,0.13760902477806522,0.7635080574191523,-0.39527252598642865,0.223490357058557,0.13977818907779316,0.215658706040417,0.08456726928422277,1.1011497852847139,0.48507125007266594,0.5886192980678243,1.1926230776900666,-1.3894524111348698,-0.8310249980966904,1.146603429373358,0.686682790944801,1.011976474796805
1.0,-1.304210347384608,-0.2422079575283256,0.42522684920634013,-0.7395099728874521,-0.5713710206861627,0.2239326987975996,0.632008385064378,-0.4567637173913662,-0.22333576862003257,0.34825304398647866,-0.39527252598642865,0.7376500406394039,0.7438357007194442,0.7132165153058246,0.7184547545631496,0.48299333805181277,0.48507125007266594,0.5886192980678243,0.4892009599248425,-0.8208092806338753,-2.1200515155425643,0.3453889654064223,0.5309353656765501,-0.9881652636251156
1.0,-1.304210347384608,0.2881573047813533,0.6436920194407899,-0.7395099728874521,0.8692911713387368,-0.7660855485181041,-0.17708089569799118,-0.4567637173913662,-0.24943774287981524,-1.0897747349090423,-0.39527252598642865,-0.20112546587661684,-0.3132649446534451,-0.32769549667181047,-0.3842196027150039,0.7258665525479279,0.48507125007266594,1.1680414196033388,0.7035846685966503,-0.25216615013288074,2.8730538514094737,0.591089639294849,-0.8177718441679488,1.011976474796805
0.0,0.2835239885618714,-0.1723833211282751,-1.2132619275520333,-0.7395099728874521,-0.09319538520754617,-0.7660855485181041,0.2482096236771003,-0.4567637173913662,-0.19713940859595058,2.1224999054501255,1.3074398936474174,1.0621202097412825,1.1591252399730794,1.1397669394071173,1.2128461096423977,-1.335400759895869,0.48507125007266594,0.29890823730006705,-1.2303428248754178,0.8851201108691084,0.33557653033446844,-1.3996983770923597,1.0397620653820738,-0.9881652636251156
0.0,0.2835239885618714,-1.6032542882983982,-1.1040293424348084,-0.7395099728874521,-1.5614154942516338,1.2139509461133033,0.10298847071975199,-0.4567637173913662,-0.23086720574972158,-1.1391569190353945,1.3074398936474174,1.2852449458485624,1.4611539957939048,1.5428337701858252,1.4133587270438612,-1.1634773418201374,0.48507125007266594,-0.7633656521817096,-1.2721145487611278,-0.25216615013288074,0.2953305053352943,-1.1784721481055465,-0.9722544609679272,1.011976474796805
0.0,0.2835239885618714,-1.2141670189425566,0.7529246045580148,-0.7395099728874521,-1.0200650490299736,1.2139509461133033,0.2067178656892865,2.189315748875859,0.3488157797579849,0.6513136742620036,-0.39527252598642865,-0.01969180049181867,-0.12449697226542916,-0.10218111335615486,-0.12321313356709855,0.792637916077618,0.48507125007266594,-0.1839435306461951,0.8281820351405913,0.8851201108691084,0.4175949513004372,0.8145206219904995,0.6478602724341177,1.011976474796805
0.0,0.2835239885618714,-0.12162808116828347,0.534459434323565,-0.7395099728874521,0.9160902165832847,1.2139509461133033,-0.11484325871627048,2.189315748875859,-0.0494147166493992,0.0728965833736582,1.3074398936474174,0.6452812864358868,0.6305749172866346,0.6665345939551236,0.5908432394567099,0.5246645503799443,0.48507125007266594,0.3954785908893195,0.7239531201905021,0.8851201108691084,-1.0556340759028462,0.5894207144834448,0.4048634015592772,-0.9881652636251156
1.0,-1.304210347384608,-0.332256717841268,0.7529246045580148,-0.7395099728874521,-0.22134847890731285,-0.7660855485181041,1.1091636019242368,-0.4567637173913662,-0.6663056866608542,-1.0124974061227947,1.3074398936474174,1.0047077418336254,1.083618051017873,1.0996377306088012,1.025597053438715,0.7016123459040093,-2.0615528128088303,-1.1496470665387193,0.4757261553857389,-0.25216615013288074,-0.1874560458870864,0.727347050732406,-0.6282859711664696,-0.9881652636251156
1.0,-1.304210347384608,-1.0993984603654703,0.42522684920634013,-0.7395099728874521,0.41421095132624614,1.2139509461133033,0.07186965222889163,-0.4567637173913662,-0.5239516936947057,0.09137524865818669,-0.39527252598642865,0.8878158421692555,0.9326036731074602,0.9382443713253876,0.951868151615854,0.4511958155709094,0.48507125007266594,1.2646117731925912,0.4911003518322161,-1.275723785034671,-0.152932373834069,0.27640811970268564,0.41406278849961614,-0.9881652636251156
1.0,-1.304210347384608,-0.25265194123559376,-0.4486338317314591,-0.7395099728874521,-1.1152249430575507,-0.7660855485181041,0.2067178656892865,-0.4567637173913662,0.1252663747649888,1.417763902981766,-0.39527252598642865,-0.35129126740646843,-0.46427932256385784,-0.529455511702234,-0.46540199326740134,-0.4113221079209496,0.48507125007266594,1.3611821267818438,-0.38851261349673644,0.8851201108691084,0.6894484215397194,-0.6914002393846106,0.878524056056713,-0.9881652636251156
0.0,-1.304210347384608,0.18317958814865423,1.1898549450269145,-0.7395099728874521,-1.8403375569556888,1.2139509461133033,2.011609338159187,2.189315748875859,0.28976095044611183,0.2494373972344163,1.3074398936474174,0.6452812864358868,0.6305749172866346,0.6680215354203098,0.6446489522515088,1.23328234743077,-2.0615528128088303,-0.3770842378246999,1.165728522827178,0.3164769803681138,0.6362190518800874,1.2131508547127217,0.4882260293526186,-0.9881652636251156
0.0,0.2835239885618714,0.3548125833063995,-1.431727097786483,-0.7395099728874521,-0.47010113602022485,0.2239326987975996,-0.26006441167361877,-0.4567637173913662,-0.11580738131676035,0.25624597062273274,1.3074398936474174,0.9757462118149812,1.0458644565402697,1.0047047196936505,1.0352788958227124,-1.5558272649997469,-2.0615528128088303,-1.1496470665387193,-1.623392965180363,-1.6737739763853672,-0.2425321624503825,-1.4569625078602497,0.49125275223033743,-0.9881652636251156
1.0,-1.304210347384608,-1.1154782900539915,-1.431727097786483,-0.7395099728874521,-0.4151848263394641,-0.7660855485181041,-0.5297608385944085,-0.4567637173913662,-0.5413480036305452,0.20478479776243944,1.3074398936474174,0.6762655396341548,0.6683285117642378,0.6488079715374663,0.6810284169826797,-1.2531104066075256,0.48507125007266594,-1.1496470665387193,-1.5765639729922656,-1.3894524111348698,1.2694088727988522,-1.5173785278092298,0.4680490642418208,-0.9881652636251156
0.0,-1.304210347384608,-1.2457272347502166,-0.8855641722003587,-0.7395099728874521,-0.24608243953644454,1.2139509461133033,-0.47789614110964124,-0.4567637173913662,-0.6450382415863929,0.5586977506565541,-2.097984945620275,0.7376500406394039,0.7438357007194442,0.8250291966492262,0.7399174639415441,-0.7878666439019327,-2.0615528128088303,0.20233788371081451,-0.8183287800732644,0.43020560646831274,-0.4155361854144029,-0.936435188685819,0.6141289370839271,1.011976474796805
1.0,-1.304210347384608,0.3347062392186364,0.6436920194407899,-0.7395099728874521,1.3460248260978598,-0.7660855485181041,0.6112625060704711,-0.4567637173913662,-0.27953073913353166,-0.009950835243727913,-0.39527252598642865,0.155237447481199,0.0642710001225868,0.031830631885621005,0.055866006522845395,0.7975615533037181,0.48507125007266594,1.5543228339603483,0.671196868315572,0.6007985456186111,-0.5783137103680436,0.5053185784623148,0.3620850226686432,1.011976474796805
1.0,0.2835239885618714,0.31864382717847234,-0.8855641722003587,-0.7395099728874521,-1.074951463436482,1.2139509461133033,0.0822425917258451,-0.4567637173913662,5.2356522844846936,0.30877720945276627,-0.39527252598642865,0.32411255046401927,0.25303897251060276,0.2668392506077028,0.2728198040784761,-0.8567142568404061,0.48507125007266594,2.326885662674368,-0.9010323713240377,0.8851201108691084,1.0108306273464076,-0.8916104267620645,0.5141807486152159,-0.9881652636251156
1.0,0.2835239885618714,0.5574889075875225,1.4083201152613642,-0.7395099728874521,1.1920075296360473,-0.7660855485181041,0.32082020015577445,2.189315748875859,0.12859864142217486,1.1385091148986655,-0.39527252598642865,0.8283028669721403,0.8570964841522538,0.9198326777217193,0.84284085803429,1.238534307362693,0.48507125007266594,-0.9565063593602146,1.5560482497004338,-0.536487715383378,0.8465211057272427,1.2546010871254982,0.8028893368162613,-0.9881652636251156
1.0,-1.304210347384608,0.5627033866663426,-1.1040293424348084,-0.7395099728874521,0.35848705455464236,-0.7660855485181041,-0.2704373511705722,-0.4567637173913662,5.3804718150874455,0.5779896377657813,1.3074398936474174,1.2304128691493932,1.3856468068386985,1.40579405630821,1.360434205978132,-1.0698439139038303,0.48507125007266594,-1.1496470665387193,-1.1365036713503383,-1.3894524111348698,0.26746221994486596,-0.9333601353225727,0.6212887240892409,-0.9881652636251156
0.0,-1.304210347384608,1.473416777300385,1.1898549450269145,-0.7395099728874521,0.8963588516947358,1.2139509461133033,1.4203517868328404,-0.4567637173913662,-0.8708272503697042,1.0498694550354761,1.3074398936474174,0.4551272242005476,0.4040533504210155,0.3899762827985315,0.38378647640185465,1.3540413947223333,-2.0615528128088303,-0.3770842378246999,1.231174546129431,1.453763241370103,0.3272679735458635,1.2223935391978853,0.7770906315304283,-0.9881652636251156
0.0,-1.304210347384608,-2.2082121385602727,-0.6670990019659089,-0.7395099728874521,-2.4472016108610988,0.2239326987975996,0.22746374468319341,-0.4567637173913662,-0.04975006034326333,-1.0338054919755484,-0.39527252598642865,1.3124316651044292,1.4989075902715079,1.487305349483557,1.473830132784944,-0.5212268708445983,0.48507125007266594,-0.9565063593602146,-0.6721423443303489,-0.25216615013288074,-1.1507660993476512,-1.0111419996210844,-0.6756840912348263,-0.9881652636251156
1.0,-1.304210347384608,-1.3034130292109343,0.42522684920634013,-0.7395099728874521,0.9592894527239495,-0.7660855485181041,0.4867872321070297,-0.4567637173913662,-0.37445903264823915,1.3720839979403696,1.3074398936474174,-1.046692069528201,-1.1060904286831121,-1.1379699418895264,-1.1234170330349118,0.25608089794124106,0.48507125007266594,-0.3770842378246999,0.6079111506749523,0.8851201108691084,1.0257465134315753,0.3970505622729774,0.8666907695951415,1.011976474796805
0.0,0.2835239885618714,-0.026616067205949383,-0.23016866149700926,-0.7395099728874521,-0.9780526569169273,0.2239326987975996,1.0572989044394694,-0.4567637173913662,-0.5878548952998762,-0.6866273012193422,1.3074398936474174,1.0905751211781127,1.1968788344506824,1.212061243411125,1.2137211114064788,-0.4073450077137765,0.48507125007266594,-0.9565063593602146,-0.06178845794166238,-0.8208092806338753,-0.006761717362153131,-0.08521489238541423,-0.14077366384862183,-0.9881652636251156
0.0,-1.304210347384608,-1.0141945495110622,-1.1040293424348084,-0.7395099728874521,2.7356690573415365,1.2139509461133033,0.12373434971365889,-0.4567637173913662,-0.6445487686034301,-0.8271773936137782,1.3074398936474174,1.3124316651044292,1.4989075902715079,1.5611327314274501,1.453714867432974,-1.1662604884804681,0.48507125007266594,-1.1496470665387193,-1.1658325562110208,0.3164769803681138,-0.2889042299054366,-1.1005123687085565,-0.3119092751492006,-0.9881652636251156
0.0,0.2835239885618714,-0.17689640126532186,-1.1040293424348084,-0.7395099728874521,0.2132420859734854,1.2139509461133033,-0.8513219629999655,-0.4567637173913662,-0.6609796556086801,1.8637970366911243,-0.39527252598642865,1.1749576873343186,1.310139617883492,1.2920913254531392,1.3284216745437616,-1.174152880195254,-2.0615528128088303,-0.5702249450032048,-1.2281078173502267,-1.5031810372350687,0.8001706926692184,-1.3110563282672616,0.9847400299804959,-0.9881652636251156
1.0,-1.304210347384608,-0.2561808071451919,0.534459434323565,-0.7395099728874521,-0.42232551665403206,-0.7660855485181041,0.1652261077014727,-0.4567637173913662,0.11463464801753168,-0.8816513537573095,-0.39527252598642865,0.155237447481199,0.0642710001225868,0.04652760938663242,0.05623517328170311,0.5973880440960138,0.48507125007266594,0.009197176532309722,0.3931081825752569,-1.3894524111348698,1.0012877921894563,0.5872326572500453,-0.39120088623780686,1.011976474796805
0.0,-1.304210347384608,0.17677418899974953,-0.9947967573175835,-0.7395099728874521,1.427142073046948,-0.7660855485181041,0.3830578371374952,-0.4567637173913662,-0.31799936853642874,-1.0271102806074832,1.3074398936474174,1.4461387546250575,1.687675562659524,1.741449117986768,1.6560167478197854,-1.1830953585716055,0.48507125007266594,-1.1496470665387193,-0.9935388211527086,-1.1051308458843725,-0.8183606511417475,-0.8777338427969485,-0.6604469380699827,-0.9881652636251156
0.0,-1.304210347384608,-1.0100936362283102,-2.1963551936070576,-0.7395099728874521,1.079581438098955,2.2039691934290073,-0.426031443624874,-0.4567637173913662,-0.0842343938073942,-0.5714445709245674,1.3074398936474174,1.1469919747836528,1.2723860234058888,1.3185753861191454,1.2669510372447124,-2.1535036500280444,0.48507125007266594,-1.1496470665387193,-1.9205115115464284,-0.9345379067340742,0.3350155188963591,-1.9764460575555725,-0.025984125542022354,-0.9881652636251156
0.0,0.2835239885618714,1.3867654637689202,-0.011703491262559478,-0.7395099728874521,-0.9324830637315139,0.2239326987975996,0.8913318724882142,-0.4567637173913662,0.10656220416193943,1.0853700817685898,1.3074398936474174,0.6140990494460912,0.5928213228090314,0.6379786515845561,0.625157481683837,0.06823950281355977,0.48507125007266594,-1.1496470665387193,0.08173412900860796,-1.5031810372350687,1.4822705622205397,-0.05039075057192843,0.7875361093253056,-0.9881652636251156
1.0,-1.304210347384608,1.2572637408731284,0.31599426408911524,-0.7395099728874521,-1.2020144385711968,1.2139509461133033,0.06149671273193819,-0.4567637173913662,-0.202856396398611,0.5185574602213611,-0.39527252598642865,0.4227018325778943,0.3662997559434123,0.3879026439299292,0.362033740274585,0.275754949742906,0.48507125007266594,-0.7633656521817096,0.5213464536899378,-0.36589477623307964,-0.25174968218330823,0.31091864100330857,0.5989958538395636,-0.9881652636251156
1.0,-1.304210347384608,0.9165876016209169,0.20676167897189032,-0.7395099728874521,0.7775884659091074,-0.7660855485181041,0.2689555026710072,2.189315748875859,-0.06578861675593688,0.9252240879016449,-0.39527252598642865,0.223490357058557,0.13977818907779316,0.1337488782305673,0.20546018713216993,0.09362601324038519,0.48507125007266594,0.009197176532309722,0.3014658818734988,-0.536487715383378,0.6363587040716697,0.2086058479227426,0.7391467865438124,1.011976474796805
0.0,-1.304210347384608,-0.7661487457855772,-0.23016866149700926,-0.7395099728874521,0.15380907784654196,2.2039691934290073,-0.3845396856370602,-0.4567637173913662,0.0653086233007045,-1.334187829887023,-0.39527252598642865,1.5762798933221294,1.87644353504754,1.8869136208612518,1.911043963710857,-0.2730269904520476,0.48507125007266594,-1.1496470665387193,-0.15648700865059328,-0.9345379067340742,-0.12991396101735891,-0.1002691272638379,-3.281691442467947,-0.9881652636251156
0.0,-1.304210347384608,-0.03525899627980477,0.42522684920634013,-0.7395099728874521,-0.38301045347370544,1.2139509461133033,-0.12521619821322394,2.189315748875859,0.1254107606687492,3.490325702476558,1.3074398936474174,0.8878158421692555,0.9326036731074602,0.9247572306187829,0.9403610335936758,0.48384017586756867,0.48507125007266594,-1.1496470665387193,0.4592427892287885,0.3164769803681138,1.6299422173106062,0.7093198136677749,1.2756811650936903,-0.9881652636251156
0.0,0.2835239885618714,-0.5367302958862783,-2.0871226084898327,-0.7395099728874521,-0.8341175869270097,-0.7660855485181041,-0.41565850412792055,-0.4567637173913662,0.1660052052140897,-1.3309878144841627,1.3074398936474174,1.3663549042025154,1.5744147792267145,1.51698508273452,1.5962189577358261,-2.1548246856206634,-2.0615528128088303,0.20233788371081451,-2.1095552075359962,0.2027483542679149,-0.29630576642336004,-1.9676995220923472,-3.038141562766977,-0.9881652636251156
1.0,-1.304210347384608,1.0865678021634069,0.9713897747924646,-0.7395099728874521,0.34919691568361433,-0.7660855485181041,1.1091636019242368,2.189315748875859,-0.06763923388258976,-0.6917510933328003,1.3074398936474174,-0.20112546587661684,-0.3132649446534451,-0.3362984567416105,-0.329750455301663,0.9232379395275451,0.48507125007266594,0.5886192980678243,0.982490857208926,-0.25216615013288074,-0.4148042766903731,0.8974102831749122,-0.1463383669893153,1.011976474796805
1.0,-1.304210347384608,1.281577506938345,1.1898549450269145,-0.7395099728874521,2.1110027753184366,2.2039691934290073,0.6112625060704711,2.189315748875859,-0.3757905956785448,0.3192989767980957,-0.39527252598642865,1.1469919747836528,1.2723860234058888,1.2881735744527432,1.2739468139811758,1.2013875171138408,0.48507125007266594,0.20233788371081451,1.299547003353444,0.2027483542679149,0.09550313691275963,1.198236727130986,0.5186853175044835,-0.9881652636251156
1.0,-1.304210347384608,0.33375871829766435,0.20676167897189032,-0.7395099728874521,0.9323421691994377,-0.7660855485181041,0.6735001430521917,2.189315748875859,-0.16286055766030663,0.47585192421691985,-2.097984945620275,-0.16429507607470487,-0.27551135017584194,-0.3629377634366248,-0.2938317596644528,0.37877666776922475,-2.0615528128088303,2.713167077031377,0.1325436698324225,3.7283357633740812,-0.3941429903923931,0.2761399301394977,0.5825329333089255,1.011976474796805
1.0,0.2835239885618714,-1.0470176708593637,-0.011703491262559478,-0.7395099728874521,-2.8822474888646292,-0.7660855485181041,0.1652261077014727,-0.4567637173913662,4.092119471575681,-1.1898153080193679,-0.39527252598642865,-0.428143304292405,-0.5397865115190642,-0.554215601967771,-0.5175813017377889,0.0237545925528121,0.48507125007266594,1.5543228339603483,0.004419772187984037,-1.3894524111348698,1.124567382583562,0.11181267959969499,-1.1759766409438486,1.011976474796805
0.0,0.2835239885618714,-1.694617899790171,-1.1040293424348084,-0.7395099728874521,0.3991766030303779,0.2239326987975996,-0.03185974274064287,-0.4567637173913662,-0.22190677843410303,-0.4418839590928204,1.3074398936474174,1.0334984063742358,1.121371645495476,1.0950805878458922,1.0573266065150304,-1.1818941583964213,0.48507125007266594,-1.1496470665387193,-1.2226194286289096,-0.8208092806338753,-1.3329128376879695,-1.1249888683279783,0.08420015580794776,-0.9881652636251156
0.0,0.2835239885618714,0.17432927032522635,-0.33940124661423415,-0.7395099728874521,0.7915831402492864,1.2139509461133033,0.04075083373803129,-0.4567637173913662,-0.6352285962541394,0.8234626431669118,1.3074398936474174,0.5511303888798118,0.5173141338538251,0.5009556000799726,0.43444845011377253,-0.38089833540439394,0.48507125007266594,-1.1496470665387193,-0.23520357762211222,-2.2992814199364613,0.6603117320932602,-0.3817827768200425,0.7065889476104786,1.011976474796805
0.0,0.2835239885618714,-0.2535425026701649,-1.2132619275520333,-0.7395099728874521,-0.6906835705714506,1.2139509461133033,-0.10447031921931703,-0.4567637173913662,-0.3234312270173667,0.8444421702815915,-0.39527252598642865,0.8878158421692555,0.9326036731074602,0.9568052631561866,0.992333050629295,-1.2147654748833436,-2.0615528128088303,-0.9565063593602146,-1.0046836264268877,-0.7070806545336764,-0.9809629050685733,-1.1316717516794987,0.7134246433617716,-0.9881652636251156
0.0,-1.304210347384608,-1.3014361969249975,0.09752909385466542,-0.7395099728874521,-0.7756871699149142,0.2239326987975996,0.27932844216796066,-0.4567637173913662,1.3439589712528321,0.314378533603811,-0.39527252598642865,0.7680551451353409,0.7815892951970473,0.7618342228600243,0.7841119504491603,0.16331494711415045,-2.0615528128088303,0.20233788371081451,-0.2100116335601783,0.032155415117616534,-0.15250279443534875,0.2860129557612039,0.5165823441738037,-0.9881652636251156
1.0,-1.304210347384608,0.7200246897185595,0.8621571896752397,-0.7395099728874521,0.7337213344205611,0.2239326987975996,0.6008895665735177,-0.4567637173913662,-0.6754154091659257,-1.1422210436766054,-0.39527252598642865,-1.4117222500463698,-1.4081191845039376,-1.3659661065126842,-1.3830923770383685,0.8829324823695436,0.48507125007266594,0.20233788371081451,1.0029387544996018,-0.8208092806338753,0.2715092877172208,0.8694933955363435,-0.9830461898438817,-0.9881652636251156
1.0,0.2835239885618714,0.8015838545666857,-2.0871226084898327,-0.7395099728874521,-0.6613031974129474,-0.7660855485181041,-0.26006441167361877,-0.4567637173913662,-0.6940762631756604,0.16054089095448795,-0.39527252598642865,-0.27563078308044814,-0.3887721336086515,-0.38684359177244865,-0.4141401612029818,-2.0455236903201692,0.48507125007266594,0.3954785908893195,-2.0841041615717346,-0.8208092806338753,-0.13675681237328557,-2.3047069932560573,0.4474738836908496,1.011976474796805
0.0,0.2835239885618714,0.0020555815404225738,-0.23016866149700926,-0.7395099728874521,1.2863400971353451,0.2239326987975996,-0.18745383519494463,2.189315748875859,-0.2412911614233802,-0.09550971372232125,1.3074398936474174,1.419688806486303,1.6499219681819208,1.6576200819195994,1.6212431224375103,-0.3546359822489971,0.48507125007266594,-1.1496470665387193,-0.42331947701803996,-0.36589477623307964,1.7766931476063583,-0.07849092629722045,0.3150182339729652,-0.9881652636251156
1.0,0.2835239885618714,-1.001887674408181,1.0806223599096896,-0.7395099728874521,0.4725058835059536,1.2139509461133033,0.8913318724882142,-0.4567637173913662,0.6328176101558495,-0.674075389740974,-0.39527252598642865,-0.23823593737774115,-0.3510185391310483,-0.32519814766250926,-0.42024300552975535,1.2160234488049362,0.48507125007266594,0.5886192980678243,1.2183232019441095,-0.536487715383378,0.2540442389752633,1.0924388117850659,-0.12732339348951355,1.011976474796805
0.0,0.2835239885618714,-0.1812394124555029,-1.431727097786483,-0.7395099728874521,-0.54145974212301,1.2139509461133033,0.27932844216796066,-0.4567637173913662,-0.06633119356584562,0.7072206390026161,1.3074398936474174,1.2852449458485624,1.4611539957939048,1.4496722484479512,1.426729895445788,-1.2106647966112123,0.48507125007266594,-1.1496470665387193,-1.5219345159686166,-1.275723785034671,0.6583836002068005,-1.439164144776156,0.6674714208481404,-0.9881652636251156
0.0,-1.304210347384608,0.6040503425862355,-0.9947967573175835,-0.7395099728874521,0.14493043811123352,0.2239326987975996,0.8809589329912608,-0.4567637173913662,-0.12716743846586287,0.14124701307717177,1.3074398936474174,1.0334984063742358,1.121371645495476,1.141017470041415,1.1033784167282235,-0.9551866821731311,0.48507125007266594,-1.1496470665387193,-0.9426077605263629,-0.36589477623307964,0.5079797488092365,-0.7416579227036428,0.438311042314935,-0.9881652636251156
1.0,-1.304210347384608,2.1959887608115816,0.09752909385466542,-0.7395099728874521,-0.3546612925054233,-0.7660855485181041,0.6838730825491453,-0.4567637173913662,0.18323466386487153,-0.03155282383185285,-0.39527252598642865,0.25726214225711347,0.17753178355539637,0.19233571324086945,0.1483131951631179,0.12420829602745843,0.48507125007266594,-0.3770842378246999,0.3246873863067974,1.453763241370103,-0.003523289692143872,0.048494126360489824,0.3504931721713769,1.011976474796805
1.0,0.2835239885618714,-0.7674213993551419,-0.33940124661423415,-0.7395099728874521,-0.8685075161795446,-0.7660855485181041,0.7876024775186797,-0.4567637173913662,-0.488730571483561,-0.9300304235084468,1.3074398936474174,1.1188650756799905,1.2346324289282857,1.170269352119798,1.1868502966033558,-0.3677671047929061,0.48507125007266594,0.3954785908893195,-0.33389988971576207,0.3164769803681138,-0.3229000151370928,-0.3282912566605616,-0.46992283822100117,1.011976474796805
1.0,-1.304210347384608,0.11969615717666278,-2.0871226084898327,-0.7395099728874521,0.12783119765852247,-0.7660855485181041,0.6112625060704711,-0.4567637173913662,0.043614622038753235,-0.02449402439009898,1.3074398936474174,0.6140990494460912,0.5928213228090314,0.6448576309710001,0.6693510322923459,-2.0180380707953773,0.48507125007266594,-1.1496470665387193,-2.1017922481335556,-0.47962340233327855,-0.8175553485371846,-2.213693213237113,0.3543018833197874,1.011976474796805
1.0,-1.304210347384608,-0.7114724080920338,1.0806223599096896,-0.7395099728874521,0.41738516633107575,-0.7660855485181041,-0.11484325871627048,-0.4567637173913662,0.10750788608670392,-0.9308078179980599,-0.39527252598642865,-0.20112546587661684,-0.3132649446534451,-0.3393928869911365,-0.3071908307308303,1.1092139491317405,0.48507125007266594,0.7817600052463292,1.2007898208689016,0.6007985456186111,-0.3797056775760409,0.7892670883947788,-0.47126197251187335,-0.9881652636251156
1.0,0.2835239885618714,0.21361244733218765,0.31599426408911524,-0.7395099728874521,1.6818288809937763,-0.7660855485181041,0.5282789900948435,-0.4567637173913662,-0.28060831635817834,-0.7131364209724451,-0.39527252598642865,-2.179796606449024,-1.9744231016679854,-1.916767265184309,-1.9661986755974643,0.27364505250049026,0.48507125007266594,0.009197176532309722,0.29936094497789834,0.9988487369693073,0.7314113055704715,0.22837142092171145,-0.1700473712499518,1.011976474796805
0.0,-1.304210347384608,1.7309067785661914,-0.12093607637978437,-0.7395099728874521,0.7280967045057355,1.2139509461133033,0.23783668418014686,2.189315748875859,-0.459194406215605,2.1764382591221687,1.3074398936474174,1.1188650756799905,1.2346324289282857,1.2316291697861073,1.2218800354025716,-0.10996520074644471,0.48507125007266594,-1.1496470665387193,-0.31716694471931806,-0.25216615013288074,-2.200376223006775,0.05667844304931543,1.050715006929082,-0.9881652636251156
1.0,-1.304210347384608,1.202865548910789,-0.6670990019659089,-0.7395099728874521,-0.12556211534114783,-0.7660855485181041,0.5282789900948435,-0.4567637173913662,0.5800121542507651,-1.3346397190236323,-0.39527252598642865,0.9173023577712066,0.9703572675850634,0.9920363820875296,0.9637522299850358,-0.6116608912240468,0.48507125007266594,-0.6667952985924572,-0.7096852122491982,-0.5933520284334775,1.4403353646700754,-0.6275254310583428,-3.323966073590941,-0.9881652636251156
1.0,-1.304210347384608,0.38335536777841955,0.20676167897189032,-0.7395099728874521,-1.3458048414898822,-0.7660855485181041,1.9286258221835593,-0.4567637173913662,-0.21639809007066838,-0.09426552352990325,-0.39527252598642865,0.4227018325778943,0.3662997559434123,0.37525366063818644,0.4259522893145137,0.10721647008357094,-2.0615528128088303,0.6851896516570767,0.16910812133544015,-0.02470889793248292,-0.45917638828072416,0.17874910135211047,0.31572555258938273,1.011976474796805
0.0,-1.304210347384608,1.247396636831809,-1.3224945126692582,-0.7395099728874521,-0.7586261510925232,2.2039691934290073,0.21709080518623997,-0.4567637173913662,-0.7297011402764574,-0.15824056960731048,1.3074398936474174,1.257905919247764,1.4234004013163015,1.4186795123159408,1.4377041891300557,-1.3108922085431864,0.48507125007266594,-0.3770842378246999,-1.4301657451555172,0.7713914847689094,-0.5228284956698214,-1.0192740189129292,0.27840899413994596,-0.9881652636251156
1.0,0.2835239885618714,-0.5637891775182214,1.2990875301441394,-0.7395099728874521,-0.7410717918184672,0.2239326987975996,0.23783668418014686,-0.4567637173913662,-0.3320180580261018,-0.9631856828033396,-0.39527252598642865,-0.6662394754679823,-0.7663080783846834,-0.7484588802343172,-0.6754403163732463,1.146843356673799,0.48507125007266594,-1.1496470665387193,1.3216061022986607,1.453763241370103,0.27273944167005537,1.301639318834184,-0.5294091797598397,1.011976474796805
1.0,-1.304210347384608,-0.5734869152368344,1.626785285495814,-0.7395099728874521,-0.6405882787742139,1.2139509461133033,0.32082020015577445,-0.4567637173913662,0.4376222604254546,-1.0159099265833234,-0.39527252598642865,0.29080181713267644,0.21528537803299955,0.17173416655457746,0.26405125599834334,1.837154070295722,0.48507125007266594,0.7817600052463292,1.4628539987819813,0.3164769803681138,0.21464684504771434,1.5527436266662786,-0.6356669558438087,-0.9881652636251156
1.0,-1.304210347384608,-1.4070226886093242,-1.2132619275520333,-0.7395099728874521,0.8837329782859331,-0.7660855485181041,0.2482096236771003,2.189315748875859,0.6038861820171151,-0.24533534252276498,-0.39527252598642865,0.18948322651091734,0.10202459460018998,0.09084533024868495,0.12524888318715008,-1.3531999476724812,0.48507125007266594,-1.0530767129494667,-1.1047800873627545,-0.13843752403268184,-1.6440857640024604,-1.2026673779850972,0.22422739569112835,1.011976474796805
0.0,-1.304210347384608,1.3226959153267874,1.5175527003785891,-0.7395099728874521,0.6291738396521432,1.2139509461133033,-0.12521619821322394,-0.4567637173913662,8.123875772165063,-0.5609891907291531,-0.39527252598642865,-0.8739305421476228,-0.9550760507726993,-0.9290221860688708,-0.9422772192964982,1.633719969779687,-2.0615528128088303,0.29890823730006705,1.5008266476367793,-0.8208092806338753,-0.12532533039759072,1.797880191941913,-0.01642889642397127,-0.9881652636251156
0.0,-1.304210347384608,0.13354226140850994,1.626785285495814,-0.7395099728874521,0.7417849696312162,2.2039691934290073,0.11336141021670544,2.189315748875859,-0.1623413533393719,-0.8145035383408313,-0.39527252598642865,-0.23823593737774115,-0.3510185391310483,-0.30521155150522056,-0.2975024570220757,1.554701034939698,0.48507125007266594,-1.0530767129494667,1.4850591372164572,1.453763241370103,-0.8493489277737112,1.700050817547851,-0.2946669439412909,-0.9881652636251156
0.0,0.2835239885618714,-0.17156031562352092,0.31599426408911524,-0.7395099728874521,1.5921449381827761,1.2139509461133033,-1.0069160554542673,2.189315748875859,0.22094756291836012,-0.5772069363565967,1.3074398936474174,1.1188650756799905,1.2346324289282857,1.2132589757627772,1.250820814481613,0.3178780152809888,0.48507125007266594,-0.9565063593602146,0.12672669775909973,0.8851201108691084,0.667806492884073,0.3816269606504932,-0.03130595463460926,-0.9881652636251156
1.0,-1.304210347384608,0.25046343910442737,0.42522684920634013,-0.7395099728874521,-0.3204110608435197,-0.7660855485181041,0.3726848976405417,-0.4567637173913662,0.10076012905535638,-0.9146918781016069,-0.39527252598642865,-0.27563078308044814,-0.3887721336086515,-0.4136356271358126,-0.3258352883080469,0.5766224453023662,0.48507125007266594,1.7474635411388533,0.5151050488071743,-0.36589477623307964,-1.2154788456201924,0.37171216433842813,-0.4440052566719544,1.011976474796805
1.0,-1.304210347384608,1.0244443350808876,-0.4486338317314591,-0.7395099728874521,0.45165727352607743,-0.7660855485181041,-0.2393185326797119,-0.4567637173913662,-0.2047512811937039,1.4686038906909924,-0.39527252598642865,-0.428143304292405,-0.5397865115190642,-0.5466219212943414,-0.5474156394956393,-0.49873308892520224,0.48507125007266594,-0.2805138842354475,-0.4522789885882602,0.5439342325685116,1.8400691816642292,-0.35546369197210165,0.8914659083677824,1.011976474796805
0.0,-1.304210347384608,1.0580777658911922,-0.8855641722003587,-0.7395099728874521,-1.604502667281553,-0.7660855485181041,0.2067178656892865,-0.4567637173913662,0.1376861199515418,0.09645752075217831,-0.39527252598642865,0.4873385852762571,0.44180694489861866,0.43697025221722047,0.40422314726153175,-0.7748970910789591,-2.0615528128088303,-1.1496470665387193,-0.821324432102086,0.2027483542679149,0.051624224297576,-0.837983709136171,0.41657214771167217,1.011976474796805
1.0,0.2835239885618714,-0.37828264344726886,-0.12093607637978437,-0.7395099728874521,1.8529497979676215,-0.7660855485181041,0.6112625060704711,-0.4567637173913662,-0.010110175774836819,-1.2704998231280837,-0.39527252598642865,-1.8062807633576685,-1.710147940324763,-1.6969220879172067,-1.681096726497752,-0.1469098468305419,0.48507125007266594,0.7817600052463292,-0.15287821976618596,-0.6502163414835769,0.704381988720207,0.03414778747868136,-1.7115627959504782,1.011976474796805
1.0,0.2835239885618714,0.25151360192902095,0.9713897747924646,-0.7395099728874521,0.8312414642071003,-0.7660855485181041,0.47641429261007623,-0.4567637173913662,-0.17028875680588704,0.5633252996806722,-0.39527252598642865,1.0047077418336254,1.083618051017873,1.0390936134436257,1.088525037337456,0.7349881228028394,-2.0615528128088303,0.5886192980678243,1.0968791329569663,-1.5031810372350687,-0.7115110832661637,0.8756615619780445,0.6158529600139403,1.011976474796805
1.0,1.871258324508351,2.1834296460622,0.09752909385466542,-0.7395099728874521,-1.7276230165276008,-0.7660855485181041,1.0780447834333764,-0.4567637173913662,-0.16716833832420577,-0.3038015012310724,-0.39527252598642865,-0.789790466661295,-0.8795688618174929,-0.9451213855449551,-0.8902865718778832,0.11830961134439298,-2.0615528128088303,2.133744955495863,0.09281795360672776,2.591049502372092,0.030584364728352353,0.09798442471281223,0.18538488292869623,1.011976474796805
0.0,0.2835239885618714,1.3021825384473735,-0.011703491262559478,-0.7395099728874521,0.392077789136604,1.2139509461133033,-0.22894559318275842,-0.4567637173913662,0.3050728459463666,0.04481977966893619,1.3074398936474174,0.8283028669721403,0.8570964841522538,0.8343967121233893,0.9218643416571378,0.03341081101057003,-2.0615528128088303,-1.1496470665387193,-0.05002230731544331,1.453763241370103,-0.8406960509021958,0.005950018464368412,0.3906531523339939,-0.9881652636251156
0.0,0.2835239885618714,-0.4967185823717143,-1.3224945126692582,-0.7395099728874521,-0.24073405294521222,0.2239326987975996,0.7461107195308659,-0.4567637173913662,-0.31886480400671247,-0.5093967290980452,1.3074398936474174,0.798271981523578,0.8193428896746506,0.7975574428288283,0.7649464313293998,-1.3872426842354486,0.48507125007266594,-1.1496470665387193,-1.3433352869164765,-0.8208092806338753,-0.18503921668895765,-1.2768116016009037,0.028923426736163958,-0.9881652636251156
0.0,0.2835239885618714,-1.2512826905899526,-1.431727097786483,-0.7395099728874521,-0.14697015888510606,0.2239326987975996,0.12373434971365889,-0.4567637173913662,-0.9088660421029131,0.8011465837453994,1.3074398936474174,0.5193387227933847,0.4795605393762219,0.48459534075812494,0.36780256027178176,-1.5067102144157927,0.48507125007266594,-1.1496470665387193,-1.5030763231085211,-1.3894524111348698,-0.46049648308728447,-1.440814313090443,0.699244699340658,-0.9881652636251156
0.0,0.2835239885618714,0.4071366544659524,-0.557866416848684,-0.7395099728874521,1.4154331460110217,-0.7660855485181041,0.47641429261007623,-0.4567637173913662,-0.05286773187630076,-1.0094722378138508,1.3074398936474174,0.8283028669721403,0.8570964841522538,0.871986582630126,0.8773285319708898,-0.44397008720407505,-2.0615528128088303,-1.1496470665387193,-0.6394788070973272,-0.25216615013288074,-1.588870856930551,-0.3888145618207757,-0.621806436828614,-0.9881652636251156
1.0,0.2835239885618714,-1.7418353994788915,0.7529246045580148,-0.7395099728874521,0.3560600820400268,2.2039691934290073,0.11336141021670544,-0.4567637173913662,-0.08081615595841764,0.6586698485233952,-0.39527252598642865,0.25726214225711347,0.17753178355539637,0.19394823462887573,0.14790314245008954,0.572686923207587,0.48507125007266594,1.3611821267818438,0.8078325046628857,-0.02470889793248292,0.21050155019648556,0.6734436763998461,0.6504718888022438,-0.9881652636251156
1.0,0.2835239885618714,0.19525624225992422,-0.23016866149700926,-0.7395099728874521,-0.8021400847996829,-0.7660855485181041,-0.11484325871627048,-0.4567637173913662,-0.2819245452577508,-1.0756099309514384,1.3074398936474174,0.9757462118149812,1.0458644565402697,1.0088566317949725,1.032497276080953,-0.11877189041744597,0.48507125007266594,-0.1839435306461951,-0.06359839427575062,-0.536487715383378,-1.3122531358224017,-0.10881228562336046,-0.7790332046727806,-0.9881652636251156
0.0,0.2835239885618714,3.0812449740877206,1.0806223599096896,-0.7395099728874521,0.2562688589341309,-0.7660855485181041,0.41417665562835554,-0.4567637173913662,-0.4135729242204338,-0.6963226732939581,-0.39527252598642865,-1.3178731368189442,-1.3326119955487312,-1.3445681638013047,-1.3740967204302825,1.0882030902363202,0.48507125007266594,-0.9565063593602146,0.9424055095938878,-0.36589477623307964,-0.2561672694541875,1.0740876155391215,-0.15134047962227656,1.011976474796805
0.0,-1.304210347384608,-0.6019937372611684,-0.33940124661423415,-0.7395099728874521,0.6192504062197994,1.2139509461133033,0.7461107195308659,-0.4567637173913662,0.23837545513955335,0.4357172506292466,1.3074398936474174,0.6452812864358868,0.6305749172866346,0.6154491189625336,0.6295167584355372,-0.5151440398821152,-2.0615528128088303,-0.5702249450032048,-0.4695767883884759,-0.8208092806338753,-0.9112687992524064,-0.4127754234649467,0.5667046648529376,-0.9881652636251156
0.0,0.2835239885618714,-0.9342135880297169,-1.2132619275520333,-0.7395099728874521,-1.6434776080095261,-0.7660855485181041,0.8290942355064935,-0.4567637173913662,-0.5113397210797201,-0.602996416634804,-0.39527252598642865,1.3394677646443975,1.5366611847491112,1.5069692586696757,1.554172303226305,-1.129319322320989,0.48507125007266594,0.009197176532309722,-1.1781592222617905,-1.1051308458843725,0.2659059560869309,-1.0612921069317802,-0.055625820765569,-0.9881652636251156
0.0,-1.304210347384608,-1.0381517472685617,1.736017870613039,-0.7395099728874521,0.19614725551862064,0.2239326987975996,0.22746374468319341,-0.4567637173913662,-0.27491852937280237,0.11192334175575865,1.3074398936474174,0.18948322651091734,0.10202459460018998,0.03968405503841499,0.13011948621398145,1.7006855727591785,0.48507125007266594,-1.1496470665387193,1.8370666490151746,1.226305989169705,-0.006792896223684142,1.5063282861381397,0.42415417324967003,-0.9881652636251156
1.0,0.2835239885618714,-0.07466816270836261,0.31599426408911524,-0.7395099728874521,-0.36499085181312246,0.2239326987975996,0.39343077663444864,-0.4567637173913662,-0.318439311775203,1.1552725881003125,1.3074398936474174,0.12074964680415065,0.026517405644983602,0.04427537617614494,0.05339805696146085,0.2029066627176694,0.48507125007266594,-0.859936005770962,0.24101355312083914,-0.5933520284334775,-0.9423717822579079,0.30958725441398705,0.8076645494535144,-0.9881652636251156
1.0,0.2835239885618714,0.5032312325126392,-1.3224945126692582,-0.7395099728874521,1.6347770217329132,-0.7660855485181041,0.953569509469935,-0.4567637173913662,-0.3004127495118174,0.48562090223478577,-0.39527252598642865,-0.4670279999486451,-0.5775401059966674,-0.5041028467427213,-0.5434067651753557,-1.2346463957334155,0.48507125007266594,0.5886192980678243,-1.4035997993666396,0.08901972816771599,0.7103952514529857,-1.4629886279517066,0.586332723095976,1.011976474796805
1.0,0.2835239885618714,-0.46934184585358624,-1.540959682903708,-0.7395099728874521,-0.5922042421117709,-0.7660855485181041,-0.0007409242497825158,-0.4567637173913662,-0.7505196991804898,-0.5390486279661195,1.3074398936474174,1.3394677646443975,1.5366611847491112,1.5692121235030565,1.6114567934541284,-1.3886932704587893,0.48507125007266594,-1.1496470665387193,-1.4714672141893574,0.9988487369693073,-0.43047731738224365,-1.6004691336007748,0.0032135552342905526,-0.9881652636251156
1.0,-1.304210347384608,-0.5520499137533108,0.7529246045580148,-0.7395099728874521,0.18484226242946575,-0.7660855485181041,-0.16670795620103773,-0.4567637173913662,0.03878691768505571,-1.0143977289980846,1.3074398936474174,0.015799290378916614,-0.08674337778782597,-0.09416008425970167,-0.05147769093402468,0.8416637400684615,0.48507125007266594,0.6851896516570767,0.7701236364378404,0.3164769803681138,-0.5994208152814658,0.6880779861902742,-0.6323867194569271,1.011976474796805
1.0,0.2835239885618714,-0.20323872940810034,0.534459434323565,-0.7395099728874521,0.5225395240229131,2.2039691934290073,-0.19782677469189808,-0.4567637173913662,0.32039871396151465,1.0248079297110777,1.3074398936474174,0.798271981523578,0.8193428896746506,0.810835913702711,0.8122156782951468,0.5123954868001023,0.48507125007266594,-0.3770842378246999,0.36193969918816904,-0.02470889793248292,0.3998693081348321,0.6073343114294008,0.7696229083232038,-0.9881652636251156
0.0,-1.304210347384608,0.04764371428510673,1.0806223599096896,-0.7395099728874521,1.8078418729330457,2.2039691934290073,0.04075083373803129,-0.4567637173913662,0.12141827574631464,0.2840319543943869,-0.39527252598642865,0.5827162822232772,0.5550677283314283,0.5390185072479351,0.4931581322240365,1.144315157203307,0.48507125007266594,-0.5702249450032048,1.133718854083301,2.0224063718710976,0.45523642717778634,1.0602183450981437,0.5034726477853112,-0.9881652636251156
0.0,0.2835239885618714,-0.8962707747946629,-2.0871226084898327,-0.7395099728874521,2.2849923768847384,0.2239326987975996,-0.3223020486553395,-0.4567637173913662,-0.3357229809170154,-0.996933012158742,1.3074398936474174,1.1469919747836528,1.2723860234058888,1.2811738876935723,1.3542389770534977,-2.1458548511023636,0.48507125007266594,-1.1496470665387193,-1.9553578816010844,-0.7070806545336764,0.8289733445939376,-1.9796674831174002,-0.5955630888434964,-0.9881652636251156
0.0,0.2835239885618714,-1.499415076977607,0.20676167897189032,-0.7395099728874521,-0.6218883054133607,0.2239326987975996,0.17559904719842614,-0.4567637173913662,-0.2732384595233862,-0.15868290349508432,-2.097984945620275,1.0047077418336254,1.083618051017873,1.09490853685031,1.119525585740055,0.22093256252853105,0.48507125007266594,-1.1496470665387193,0.23270718148036446,-0.8208092806338753,-0.6236736980466702,0.33081133611856506,0.2781440209789049,-0.9881652636251156
1.0,-1.304210347384608,-1.8185701663428937,1.4083201152613642,-0.7395099728874521,-0.5243494702619133,1.2139509461133033,-0.11484325871627048,-0.4567637173913662,0.1977333961960493,0.11216948736991827,-0.39527252598642865,0.4227018325778943,0.3662997559434123,0.32315625005279236,0.3870736388399528,1.4245925276115619,0.48507125007266594,-0.3770842378246999,1.563922058084875,0.9988487369693073,-0.4814961241211497,1.4429332646548727,0.4242741915389744,-0.9881652636251156
0.0,0.2835239885618714,-0.04933039045786838,0.09752909385466542,-0.7395099728874521,-0.47398826589202175,0.2239326987975996,1.2336388758876782,-0.4567637173913662,-0.025608776108923377,-1.1487667955555103,1.3074398936474174,0.9173023577712066,0.9703572675850634,0.9247335238106352,0.9723173542851025,-0.007921221605489942,-2.0615528128088303,0.009197176532309722,0.06365779362438878,-0.13843752403268184,0.6558400163266989,0.042673050717090925,-1.0066655299014937,-0.9881652636251156
1.0,0.2835239885618714,-0.14915862889697074,0.9713897747924646,-0.7395099728874521,1.1600643732054614,-0.7660855485181041,-0.2704373511705722,-0.4567637173913662,0.03442091611296575,-0.8024037307395961,-0.39527252598642865,-0.05544290167163643,-0.16225056674303234,-0.1273980513528936,-0.10512571353847988,1.0561996195640946,-2.0615528128088303,-1.1496470665387193,0.7882812914102681,-0.5933520284334775,2.4919096359206705,1.0188327406097775,-0.27858785900751504,1.011976474796805
1.0,0.2835239885618714,0.3551396215743821,-0.9947967573175835,-0.7395099728874521,-0.7591964243610235,2.2039691934290073,0.424549595125309,-0.4567637173913662,-0.8505416802604572,-1.1343882174355824,-0.39527252598642865,-0.20112546587661684,-0.3132649446534451,-0.33118208153335577,-0.32705726806689944,-1.0377968195231042,0.48507125007266594,0.009197176532309722,-0.7788943595543159,-1.3894524111348698,-0.44374436740603196,-0.8595755623496482,-0.9557793702670568,-0.9881652636251156
0.0,0.2835239885618714,-0.8569492355586988,-1.7594248531381578,-0.7395099728874521,-0.8373254552982904,1.2139509461133033,-0.49864202010354813,-0.4567637173913662,-0.31827256000898424,-1.340702644232096,1.3074398936474174,1.1188650756799905,1.2346324289282857,1.297849245348189,1.180531779784922,-1.927676953762372,0.48507125007266594,-1.1496470665387193,-1.8047376968861415,0.2027483542679149,-0.6683795109428063,-1.7016019081164169,-4.5570534272851635,-0.9881652636251156
0.0,0.2835239885618714,-0.6991223882846243,-0.33940124661423415,0.14790199457749037,-0.07917902006478171,1.2139509461133033,-0.2393185326797119,-0.4567637173913662,-0.3538143376475504,0.2896331166886716,1.3074398936474174,-0.6662394754679823,-0.7663080783846834,-0.7400634845907026,-0.7173462028905777,-0.4666378185973322,-2.0615528128088303,-0.6667952985924572,-0.3767858738086513,0.8851201108691084,-0.47309653337084306,-0.28580089471964604,0.505910658291424,-0.9881652636251156
0.0,0.2835239885618714,-0.1666346112836393,-0.12093607637978437,0.14790199457749037,0.39277851688348964,0.2239326987975996,-0.07335150072845667,-0.4567637173913662,-0.3588126317760065,-0.9537462216792068,-0.39527252598642865,0.155237447481199,0.0642710001225868,0.11848038070684412,0.06981150470263649,-0.2247220813802781,-2.0615528128088303,0.7817600052463292,-0.13622431298691032,0.3164769803681138,-0.9828088287476785,-0.1468767590503065,-0.5119588612115301,1.011976474796805
0.0,0.2835239885618714,-1.1553386766698412,-0.011703491262559478,0.14790199457749037,-1.3593428148738014,0.2239326987975996,0.5179060505978901,-0.4567637173913662,-0.07855729666804181,2.7104523814700268,-0.39527252598642865,0.4227018325778943,0.3662997559434123,0.34043164406904,0.4140764388527681,0.17182606510106876,-2.0615528128088303,0.29890823730006705,0.10740065146640507,-0.8208092806338753,1.0820342005901544,0.055368521406270625,1.1508971121860738,-0.9881652636251156
0.0,1.871258324508351,0.3050659607906552,-0.011703491262559478,0.14790199457749037,0.8826596115579063,0.2239326987975996,-0.29118323016447917,-0.4567637173913662,-0.5409663173528655,-1.3029760363212777,1.3074398936474174,-0.27563078308044814,-0.3887721336086515,-0.3658236283027409,-0.4581945428705915,-0.04718464800572186,0.48507125007266594,-0.1839435306461951,-0.05827684948524544,1.453763241370103,1.3167055027991774,0.08247792226776256,-2.140910330678375,-0.9881652636251156
0.0,0.2835239885618714,0.8911762827107642,0.09752909385466542,0.14790199457749037,-0.39373289007566664,-0.7660855485181041,0.06149671273193819,-0.4567637173913662,-0.031190652378151724,-1.110999411647238,-0.39527252598642865,-1.0908552984031519,-1.1438440231607152,-1.1882878837947974,-1.0435841833495973,0.23960099168357007,0.48507125007266594,-0.6667952985924572,-0.04737990879019239,0.3164769803681138,-1.2640893933330923,0.04627152492872281,-0.8800939673660726,1.011976474796805
0.0,0.2835239885618714,-2.406102872246608,0.20676167897189032,0.14790199457749037,-0.37271902367276544,1.2139509461133033,0.5490248690887504,-0.4567637173913662,0.2565713532217703,0.05778875653833864,1.3074398936474174,-0.35129126740646843,-0.46427932256385784,-0.49647956739231547,-0.5314775929534953,0.1927460016529694,0.48507125007266594,-0.1839435306461951,0.27800854455553536,-0.25216615013288074,0.3715750595752591,0.20400452648987494,0.3972524323155016,1.011976474796805
0.0,0.2835239885618714,0.147652309310633,0.31599426408911524,0.14790199457749037,-0.3887404113988428,2.2039691934290073,0.8809589329912608,-0.4567637173913662,-0.08859268268596655,-1.2415452058694088,-0.39527252598642865,-1.6545585901083881,-1.5968871568919536,-1.5401359532385934,-1.5902115883133328,0.3900544632867073,-2.0615528128088303,-0.1839435306461951,0.398341232805746,-0.25216615013288074,0.22581651064298008,0.327621541325514,-1.470489495016113,-0.9881652636251156
0.0,1.871258324508351,0.7113897439690704,0.31599426408911524,0.14790199457749037,-0.2887364792960089,-0.7660855485181041,1.2855035733724454,-0.4567637173913662,0.2308315085964583,0.0018997743469320878,-0.39527252598642865,-0.428143304292405,-0.5397865115190642,-0.57296753440301,-0.5826128579971463,0.30348383692150743,-2.0615528128088303,-0.3770842378246999,0.23396272223034126,2.591049502372092,1.0519158000936855,0.3850635272306349,0.3683645859924026,1.011976474796805
1.0,0.2835239885618714,-1.5644304221875474,-2.5240529489587322,0.14790199457749037,-0.03495140410263925,-0.7660855485181041,0.4867872321070297,-0.4567637173913662,-0.9722738397921397,-0.6261512108143801,-0.39527252598642865,0.5193387227933847,0.4795605393762219,0.4885231959831663,0.450893238068173,-2.516912135617544,0.48507125007266594,0.29890823730006705,-2.4153799074201174,-0.8208092806338753,0.019254399443112226,-2.50499073129045,-0.07819542264381822,1.011976474796805
1.0,0.2835239885618714,0.5900247983333176,-1.9778900233726078,0.14790199457749037,0.3078406634007595,0.2239326987975996,0.45566841361616933,-0.4567637173913662,-0.20488799252506426,-0.81089120953328,-0.39527252598642865,0.7376500406394039,0.7438357007194442,0.7602533897740371,0.7920001627135829,-2.0518571740120377,0.48507125007266594,1.7474635411388533,-2.062791960725516,-0.8208092806338753,1.1340421483385559,-2.093565456778123,-0.2898283256455396,-0.9881652636251156
1.0,0.2835239885618714,0.9503829643186236,-1.8686574382553827,0.14790199457749037,-1.02838723958933,-0.7660855485181041,-0.16670795620103773,-0.4567637173913662,0.22863228180134956,-0.5403963394351327,-0.39527252598642865,-0.27563078308044814,-0.3887721336086515,-0.47728995058816226,-0.37937276930499153,-1.9016070844676753,0.48507125007266594,0.29890823730006705,-1.7629587216961633,0.3164769803681138,0.4366929211220054,-1.9553272954347107,0.0020225673854246356,1.011976474796805
1.0,0.2835239885618714,0.6185165883641622,-0.6670990019659089,0.14790199457749037,-0.5072767663882646,-0.7660855485181041,0.3830578371374952,-0.4567637173913662,-0.08142197143832773,-0.5513475577097224,-0.39527252598642865,-0.8739305421476228,-0.9550760507726993,-0.9482926373114169,-0.9723592578580557,-0.6194185294475751,0.48507125007266594,0.7817600052463292,-0.7048990026763299,-0.8208092806338753,1.2022298765461819,-0.8030097733356367,-0.00773005267338752,-0.9881652636251156
1.0,0.2835239885618714,1.3098028524781702,-0.33940124661423415,0.14790199457749037,0.5789303858057451,-0.7660855485181041,0.8290942355064935,-0.4567637173913662,-0.35652811355746833,-1.3408931518909248,-0.39527252598642865,0.4227018325778943,0.3662997559434123,0.34577604391295197,0.44099969974167336,-0.18857208290362526,-2.0615528128088303,-0.1839435306461951,-0.18059475565213212,1.453763241370103,0.3828741135838038,-0.33858816440799383,-4.670163784677425,1.011976474796805
1.0,1.871258324508351,1.4894016877327005,0.31599426408911524,0.14790199457749037,0.5195760935622511,0.2239326987975996,0.43492253462226244,-0.4567637173913662,-0.17212047969667457,-0.0812191421344062,-0.39527252598642865,0.25726214225711347,0.17753178355539637,0.21872143274770628,0.21509965305248255,0.3883372797158357,0.48507125007266594,-0.1839435306461951,0.4227704658192422,0.3164769803681138,-1.5254826825751802,0.278488740639466,0.3231001969407645,1.011976474796805
1.0,1.871258324508351,0.06627911724341728,0.534459434323565,0.14790199457749037,-0.6605042124298223,-0.7660855485181041,1.1921471178998644,2.189315748875859,0.1903164874676043,0.8490591126051926,-0.39527252598642865,-0.27563078308044814,-0.3887721336086515,-0.3820397102252874,-0.3743773187150125,0.6475168567255951,-2.0615528128088303,0.29890823730006705,0.42589884082883517,-0.25216615013288074,0.2674765163865164,0.5608170078123111,0.7149201604333899,1.011976474796805
1.0,0.2835239885618714,0.13720566049425942,0.6436920194407899,0.14790199457749037,1.4936281915839476,-0.7660855485181041,0.25858256317405376,-0.4567637173913662,0.5414127177033838,-0.9609804872579173,-0.39527252598642865,-0.4670279999486451,-0.5775401059966674,-0.6388579758685179,-0.5976949446997806,0.5436467903955842,0.48507125007266594,-0.1839435306461951,0.6254281806455713,-1.9580955416358643,-0.29226061028085165,0.515661440827197,-0.5252939137677897,-0.9881652636251156
1.0,0.2835239885618714,-1.0103381240539948,-1.540959682903708,0.14790199457749037,0.3760392218550405,-0.7660855485181041,1.7522858507353507,-0.4567637173913662,0.11545173825620139,0.04151254351865071,-0.39527252598642865,-0.27563078308044814,-0.3887721336086515,-0.45919084316465475,-0.3429313642077677,-1.336409873309247,-2.0615528128088303,0.7817600052463292,-1.5415335337547724,0.8851201108691084,-0.9788877257624742,-1.36825954438352,0.3889603851956124,-0.9881652636251156
1.0,0.2835239885618714,-0.16252451633762593,-0.6670990019659089,0.14790199457749037,-0.2004776999044091,-0.7660855485181041,1.0987906624272832,-0.4567637173913662,0.2511535633390434,-0.19817265254010155,-0.39527252598642865,-1.962871850193495,-1.8234087237575727,-1.835015687257433,-1.8254059485924572,-0.7896520104019681,0.48507125007266594,0.29890823730006705,-0.5682039657705178,1.453763241370103,-0.6005502017003352,-0.6474953770709183,0.25408008148698247,1.011976474796805
1.0,0.2835239885618714,-0.3726071052691933,0.09752909385466542,0.14790199457749037,-1.9726696871909382,-0.7660855485181041,0.4660413531131228,-0.4567637173913662,-0.13639746975296455,-0.9092732106339868,-0.39527252598642865,-0.35129126740646843,-0.46427932256385784,-0.46718741721606677,-0.4887401632416494,-0.03020416919746814,0.48507125007266594,0.29890823730006705,0.13048364955769992,0.3164769803681138,0.07550148903959522,-0.11448894045543054,-0.4350711805375207,1.011976474796805
1.0,0.2835239885618714,0.8030624469486543,0.31599426408911524,0.14790199457749037,0.7549899710402392,-0.7660855485181041,0.3311931396527279,-0.4567637173913662,-0.3375126076532962,0.08890159228362601,-0.39527252598642865,-1.962871850193495,-1.8234087237575727,-1.8003748930997203,-1.8085010839411946,0.22350508581074957,0.48507125007266594,1.7474635411388533,0.30996642631722365,0.8851201108691084,-0.7288512007200268,0.29845140350200905,0.41283820583805764,1.011976474796805
1.0,1.871258324508351,-1.6035073747230195,-1.431727097786483,0.14790199457749037,-0.91740458047088,-0.7660855485181041,-0.5297608385944085,-0.4567637173913662,-1.050937204045167,0.07382483526771122,-0.39527252598642865,-0.27563078308044814,-0.3887721336086515,-0.3467559038805841,-0.36359799039760704,-1.4781664843249298,0.48507125007266594,0.7817600052463292,-1.3271766506214842,-0.25216615013288074,-0.5368150453369706,-1.587220869456207,0.40532837951954986,-0.9881652636251156
1.0,0.2835239885618714,1.4091021631399279,-1.1040293424348084,0.14790199457749037,0.6526777772388622,0.2239326987975996,0.6735001430521917,-0.4567637173913662,-0.6935264531071283,-0.06368269494502085,-0.39527252598642865,0.4227018325778943,0.3662997559434123,0.39699002700361025,0.3882292019948001,-1.199619185974067,0.48507125007266594,1.7474635411388533,-1.387535720655203,0.8851201108691084,-0.304075194196772,-1.1297670721057331,0.3328935826206633,1.011976474796805
1.0,0.2835239885618714,-0.0686774950646174,-0.33940124661423415,0.14790199457749037,0.29944899353510007,1.2139509461133033,-0.65423611255785,-0.4567637173913662,-0.1864185976922519,0.4523691628714828,-0.39527252598642865,0.4227018325778943,0.3662997559434123,0.44555554246086976,0.34474747899295943,-0.37493982709001267,0.48507125007266594,0.7817600052463292,-0.3292611641439544,0.032155415117616534,-0.43346765394329745,-0.5458839713974648,0.5733147734444977,-0.9881652636251156
1.0,0.2835239885618714,-0.5414273913697455,-0.23016866149700926,0.14790199457749037,-1.8279311096136581,-0.7660855485181041,0.7772295380217263,-0.4567637173913662,0.4672866867488029,0.4915909559335805,-0.39527252598642865,-1.0908552984031519,-1.1438440231607152,-1.1485084936269103,-1.1979695679848017,0.07324287999569157,0.48507125007266594,-0.1839435306461951,-0.15752521648340176,-0.25216615013288074,0.06724858207379605,-0.1464302473063528,0.5886448785032067,1.011976474796805
1.0,0.2835239885618714,0.010409081481682427,-0.011703491262559478,0.14790199457749037,1.4005667378448192,-0.7660855485181041,-0.07335150072845667,-0.4567637173913662,-0.5702292056839467,0.7328700449844288,-0.39527252598642865,-1.3178731368189442,-1.3326119955487312,-1.3131790679994255,-1.2267613455991473,0.11024155321104005,0.48507125007266594,0.29890823730006705,0.002326383690219146,0.3164769803681138,1.2255143746967043,-0.17561751434410106,0.6762903898984126,-0.9881652636251156
1.0,0.2835239885618714,-1.1422141678067539,0.09752909385466542,0.14790199457749037,-0.15593613059939532,0.2239326987975996,0.7149919010400057,2.189315748875859,0.41114905308678584,1.550321700304617,-0.39527252598642865,0.18948322651091734,0.10202459460018998,0.02729594748763139,0.10526872174360447,-0.025990625859713862,0.48507125007266594,0.7817600052463292,0.04308827090142508,1.453763241370103,-0.044286808286493784,-0.04498413042735175,0.9117853389293603,1.011976474796805
1.0,1.871258324508351,1.2107471416229463,0.20676167897189032,0.14790199457749037,-0.8587599209813401,-0.7660855485181041,1.710794092747537,-0.4567637173913662,-0.319520379377233,1.426069413470439,-0.39527252598642865,-0.5855764243431407,-0.690800889429477,-0.7075644788811731,-0.6884274634019538,0.3843664084165973,0.48507125007266594,0.7817600052463292,0.3056453141500169,2.0224063718710976,0.6303717197422317,0.17697889442571685,0.8806545217233742,1.011976474796805
1.0,0.2835239885618714,1.8399289230896527,1.1898549450269145,0.14790199457749037,0.0964820847818272,-0.7660855485181041,0.41417665562835554,2.189315748875859,0.19496381968419466,2.2434122228017896,-0.39527252598642865,-1.0029249287574304,-1.0683368342055088,-1.1192913419863804,-1.010496259747373,1.1873740636797732,0.48507125007266594,0.7817600052463292,1.1248254346401172,2.0224063718710976,1.1754306545736304,1.201023034907015,1.0640836610896804,1.011976474796805
1.0,1.871258324508351,0.07906185554391287,-0.7763315870831338,0.14790199457749037,-0.5226181169127684,-0.7660855485181041,0.7046189615430521,-0.4567637173913662,0.050377272125709575,-0.23757929560915098,-0.39527252598642865,0.6762655396341548,0.6683285117642378,0.5687806694547327,0.7272276450102589,-0.5974522753064433,0.48507125007266594,1.7474635411388533,-0.8862243937083042,1.453763241370103,0.12125895568075427,-0.7177110248766061,0.22922393672651759,1.011976474796805
1.0,0.2835239885618714,-1.714895716035635,-0.557866416848684,0.14790199457749037,0.6502180501783046,-0.7660855485181041,-0.011113863746735966,-0.4567637173913662,-0.033458323149468436,-1.0627157048918394,-0.39527252598642865,-0.5855764243431407,-0.690800889429477,-0.7119867444923419,-0.7247917256325443,-0.5705173143638977,0.48507125007266594,0.7817600052463292,-0.524935858109519,0.8851201108691084,0.9846332788873361,-0.4866376064913776,-0.7455202091989676,-0.9881652636251156
1.0,0.2835239885618714,1.0591873392961397,0.20676167897189032,0.14790199457749037,0.7445945520687759,-0.7660855485181041,1.2336388758876782,2.189315748875859,0.30224525465157925,0.20633241274070424,-0.39527252598642865,0.4227018325778943,0.3662997559434123,0.2947364120557767,0.39381582041534624,0.17015604750662444,0.48507125007266594,1.7474635411388533,0.29361034917108764,1.1694416761196056,-0.09346256079471185,0.3683686906931316,0.46875806933739317,1.011976474796805
1.0,0.2835239885618714,-0.6301285832498212,-1.7594248531381578,1.0353139620424328,1.2682127581701197,1.2139509461133033,-2.313906432070402,-0.4567637173913662,-0.03403412957861456,-0.39702147272785276,-0.39527252598642865,-0.35129126740646843,-0.46427932256385784,-0.4874775684580225,-0.5034242204920776,-1.8358208271557381,0.48507125007266594,-1.1496470665387193,-1.8697180466648569,-1.1051308458843725,1.5190690742803643,-1.7870497631906341,0.11868393467138562,1.011976474796805
1.0,0.2835239885618714,-0.02995079439780943,-1.2132619275520333,1.0353139620424328,-1.9574716256179592,-0.7660855485181041,-2.313906432070402,-0.4567637173913662,-0.20881830266817442,-0.5283452483064579,-0.39527252598642865,0.25726214225711347,0.17753178355539637,0.12364349856908591,0.20171838720499422,-1.2760301016971012,0.48507125007266594,0.7817600052463292,-1.1387905042884887,-1.1051308458843725,-0.8665645871367977,-1.1906975862858498,0.012601876796054711,1.011976474796805
1.0,0.2835239885618714,0.39452669278670915,-0.7763315870831338,1.0353139620424328,-1.1770754743005825,-0.7660855485181041,-2.313906432070402,-0.4567637173913662,-0.6072000215096293,0.23741358843066257,-0.39527252598642865,-0.5062250258225951,-0.6152937004742706,-0.5564427335718868,-0.6730359324692289,-0.6841533778790353,0.48507125007266594,-1.1496470665387193,-0.8328645183719114,1.453763241370103,-1.2607622051290686,-0.7222970893551937,0.4828491316988307,1.011976474796805
1.0,0.2835239885618714,0.8582662703225985,-0.33940124661423415,1.0353139620424328,-0.31933441972017973,-0.7660855485181041,-2.313906432070402,-0.4567637173913662,-0.39412489933983824,2.062764950340432,-0.39527252598642865,-4.048800132147781,-3.031523747040875,-3.013774514175768,-3.0299842108006376,-0.4754652897451551,0.48507125007266594,-1.1496470665387193,-0.29945347707398706,0.3164769803681138,-1.1361618285984845,-0.32676176096624654,1.0274312475787344,-0.9881652636251156
1.0,0.2835239885618714,-1.1894448211139743,-0.011703491262559478,1.0353139620424328,-0.48006825873231795,-0.7660855485181041,-2.313906432070402,-0.4567637173913662,-0.1976605786942258,-1.0200130214699181,-0.39527252598642865,0.5827162822232772,0.5550677283314283,0.5950887241114683,0.5634439166118556,0.01655193050492419,0.48507125007266594,-1.1496470665387193,0.2132508324586994,-0.8208092806338753,-0.7647167401611275,-0.04706713655527756,-0.6446445508237121,-0.9881652636251156
1.0,1.871258324508351,-1.0931924400058208,0.20676167897189032,1.0353139620424328,-0.10344913297842138,-0.7660855485181041,-2.313906432070402,-0.4567637173913662,-0.21490058421507283,-1.1154889285056935,-2.097984945620275,-1.5559693079945174,-1.5213799679367472,-1.6115778049197005,-1.4904042630244256,0.08141561173801688,0.48507125007266594,-2.115350602431244,0.115846029065902,-0.8208092806338753,-3.1385233947813034,0.28812570501065354,-0.8940089837343751,1.011976474796805
1.0,1.871258324508351,-0.13950260385738045,0.42522684920634013,1.0353139620424328,-0.26391569539747955,-0.7660855485181041,-2.313906432070402,-0.4567637173913662,0.4308296567963123,2.033235922438862,-0.39527252598642865,-1.5559693079945174,-1.5213799679367472,-1.5727591327236214,-1.4728367133606521,0.5308617631182739,0.48507125007266594,-0.1839435306461951,0.5693495636604062,-0.25216615013288074,-0.07697573953856418,0.27150134130852893,1.0212555672322028,1.011976474796805
1.0,0.2835239885618714,-1.6851924062167494,0.7529246045580148,1.0353139620424328,0.4039809291154121,-0.7660855485181041,-2.313906432070402,-0.4567637173913662,0.05008127191559472,-1.2870741200078857,-2.097984945620275,-1.3178731368189442,-1.3326119955487312,-1.3466895554688276,-1.3088336652664152,0.6691442482706857,0.48507125007266594,-1.1496470665387193,0.5249736994633089,-0.536487715383378,-1.4179681228672703,0.7175421312708223,-1.8985471471858366,1.011976474796805
1.0,0.2835239885618714,1.0400384546878734,0.7529246045580148,1.0353139620424328,-0.1191994964923053,-0.7660855485181041,-2.313906432070402,-0.4567637173913662,-0.5740553933529613,-0.7690029386286834,-0.39527252598642865,-1.3178731368189442,-1.3326119955487312,-1.3384987859912933,-1.3910565983335874,0.7623672135952729,0.48507125007266594,-1.1496470665387193,0.9555852975999766,0.8851201108691084,-2.4952576877809403,0.7074389912659762,-0.23600674048814657,1.011976474796805
1.0,0.2835239885618714,0.5070302685838474,0.7529246045580148,1.0353139620424328,-0.3618479845873172,-0.7660855485181041,-2.313906432070402,-0.4567637173913662,0.00164843336160773,-1.2518375559940778,-0.39527252598642865,-0.789790466661295,-0.8795688618174929,-0.9391331391500061,-0.9160959960954453,0.7219869473743191,0.48507125007266594,0.7817600052463292,0.5981055847903984,0.8851201108691084,-1.3334565161670822,0.7398838416720748,-1.5471306229384088,1.011976474796805
1.0,0.2835239885618714,0.8303740498325365,0.9713897747924646,1.0353139620424328,-0.9976589475266594,-0.7660855485181041,-2.313906432070402,-0.4567637173913662,0.49380421997726576,-0.2264921847677003,-0.39527252598642865,-2.291985535501685,-2.049930290623192,-1.9808516283589657,-2.0902958321681675,0.893901777961128,0.48507125007266594,0.7817600052463292,0.8058246888049921,0.8851201108691084,-0.3311610392948429,0.9567592917881841,0.23630579303503746,1.011976474796805
1.0,0.2835239885618714,0.4337724078696233,1.1898549450269145,1.0353139620424328,0.21941835677280397,-0.7660855485181041,-2.313906432070402,-0.4567637173913662,0.10147463984144783,-1.2057385584175722,-0.39527252598642865,-1.9101145419299814,-1.7856551292799694,-1.7652174714637354,-1.8076103687737803,1.1805736852745492,0.48507125007266594,-1.1496470665387193,0.9615837921454448,-1.1051308458843725,0.7652240694016267,1.1583103903458354,-1.2543353377210076,1.011976474796805
1.0,0.2835239885618714,-0.1692678461749928,1.2990875301441394,1.0353139620424328,0.6404103135606105,-0.7660855485181041,-2.313906432070402,-0.4567637173913662,-0.12474917516776328,0.4384644232810015,-0.39527252598642865,-1.1803991590488292,-1.2193512121159216,-1.2193881339718686,-1.2381061039213141,1.2562673447757011,0.48507125007266594,0.7817600052463292,1.2570557421634965,0.8851201108691084,1.217881281022333,1.1816001530826055,0.567799430644996,1.011976474796805
1.0,1.871258324508351,0.22650607497713873,1.736017870613039,1.0353139620424328,-1.8455125726665809,-0.7660855485181041,-2.313906432070402,-0.4567637173913662,0.2818039547476651,-0.7393642423280699,-0.39527252598642865,-1.962871850193495,-1.8234087237575727,-1.813045228211819,-1.8120800722147874,1.5960844983995877,0.48507125007266594,-1.1496470665387193,1.9170421634348693,-1.1051308458843725,-0.10853833364250343,1.8012086017414446,-0.200251028213785,1.011976474796805
0.0,1.871258324508351,-1.2448662208994372,1.2990875301441394,1.9227259295073753,-0.7400628105642219,1.2139509461133033,-2.313906432070402,-0.4567637173913662,0.015398070964904451,1.4077417992821712,1.3074398936474174,-0.6662394754679823,-0.7663080783846834,-0.7394434175525606,-0.7817039720006905,1.3640403104842624,0.48507125007266594,-1.6324988344849813,1.1340994533606705,-0.8208092806338753,-2.634331301606149,1.1720694980890674,0.8759447103257922,-0.9881652636251156
1.0,0.2835239885618714,0.42832331126365975,-0.8855641722003587,1.9227259295073753,-1.4185545068615497,-0.7660855485181041,0.13410728921061235,-0.4567637173913662,-0.23360809735615606,-0.8266083076874507,-0.39527252598642865,-0.4670279999486451,-0.5775401059966674,-0.5187864835984043,-0.6332682975242246,-0.8790846850711304,0.48507125007266594,0.7817600052463292,-0.8412290260722198,-1.3894524111348698,1.4098458490740304,-0.8826816177569263,-0.31112599542010927,1.011976474796805
1.0,1.871258324508351,0.5983666681621961,1.0806223599096896,1.9227259295073753,0.7912060100023074,-0.7660855485181041,-2.313906432070402,2.189315748875859,0.34749923003475985,0.24724210281429748,-0.39527252598642865,-1.271616833288314,-1.294858401071128,-1.2822539481355808,-1.3154524994203185,0.9298610980971815,0.48507125007266594,0.7817600052463292,1.1662298921604795,-0.8208092806338753,0.48773841440018495,1.1271350534701778,0.48724735910060685,-0.9881652636251156
1.0,1.871258324508351,0.29254014473902995,-0.23016866149700926,1.9227259295073753,1.2430784797423233,1.2139509461133033,-2.313906432070402,-0.4567637173913662,-0.49198163215738744,1.1742975959717499,1.3074398936474174,1.3124316651044292,1.4989075902715079,1.4691456495122897,1.4928072050830323,0.007210188410863022,0.48507125007266594,1.7474635411388533,-0.3079721879534802,-0.36589477623307964,-1.0668942471892209,-0.37135061746703274,0.8130452985310378,-0.9881652636251156
1.0,0.2835239885618714,-1.3961159606554616,0.9713897747924646,1.9227259295073753,-0.15975051751467034,-0.7660855485181041,0.07186965222889163,2.189315748875859,-0.22013206178016534,0.15693022507880802,-0.39527252598642865,-1.3178731368189442,-1.3326119955487312,-1.3136249780406433,-1.3147653164065345,1.0248901283674212,0.48507125007266594,-0.1839435306461951,1.10600314422432,1.453763241370103,-0.18088549598799258,1.018984540590806,0.44576812777333186,1.011976474796805
1.0,0.2835239885618714,0.7561897803021702,0.534459434323565,1.9227259295073753,0.5262326982905624,-0.7660855485181041,0.10298847071975199,-0.4567637173913662,0.04953695627653843,-0.1612225004217627,-2.097984945620275,-0.789790466661295,-0.8795688618174929,-0.8448698851282244,-0.8172373159331633,0.48617533735991625,0.48507125007266594,0.10576753012156223,0.4051464829434066,-0.7070806545336764,2.7502702028024038,0.3993230892730497,0.27662079590474575,1.011976474796805
1.0,1.871258324508351,0.38515318088752154,0.8621571896752397,1.9227259295073753,-1.505087507983406,-0.7660855485181041,-0.726846689036524,-0.4567637173913662,-0.09713732437033247,1.2080548100576667,1.3074398936474174,-1.7046103466671303,-1.6346407513695567,-1.574811738345244,-1.6193328247940015,0.980482130115897,0.48507125007266594,0.3954785908893195,0.5862024975642899,0.9988487369693073,1.5328245242836476,1.0599255707586064,0.8224933125523376,1.011976474796805
1.0,0.2835239885618714,0.2967390981442285,1.5175527003785891,1.9227259295073753,-1.2757132594151679,-0.7660855485181041,-2.313906432070402,-0.4567637173913662,0.1292724008067737,2.1657217857796236,-0.39527252598642865,-0.27563078308044814,-0.3887721336086515,-0.39455862892395466,-0.42165125266078646,1.4204064733008437,0.48507125007266594,1.7474635411388533,1.537882593953421,0.2027483542679149,1.5591843754145296,1.6403063261285655,1.0485523042189993,1.011976474796805
1.0,1.871258324508351,1.1462083319912473,0.31599426408911524,1.9227259295073753,1.9368488998660487,-0.7660855485181041,-0.09409737972236358,-0.4567637173913662,0.177793052063395,0.44271245536787734,-0.39527252598642865,0.223490357058557,0.13977818907779316,0.10357256460512572,0.045845870521073064,0.4038966131490605,0.48507125007266594,0.7817600052463292,0.3746587310462534,0.3164769803681138,0.7416326524520457,0.5173661890012486,0.5694889773688191,1.011976474796805
1.0,1.871258324508351,0.1230805242050534,-0.557866416848684,1.9227259295073753,1.5340265848224202,2.2039691934290073,-2.313906432070402,-0.4567637173913662,0.2356012220264349,1.3369322258505658,-0.39527252598642865,0.25726214225711347,0.17753178355539637,0.1779866151328911,0.23794981678951826,-0.3577164343809991,0.48507125007266594,1.7474635411388533,-0.49145352564888145,-0.25216615013288074,-1.5447696546145004,-0.6266851763831022,0.8574483753505843,-0.9881652636251156
1.0,0.2835239885618714,0.9419048670426018,0.6436920194407899,1.9227259295073753,-1.8272320105023514,-0.7660855485181041,-0.07335150072845667,-0.4567637173913662,0.5193862928649987,-0.08750501089326952,-0.39527252598642865,-1.0908552984031519,-1.1438440231607152,-1.1778640286054365,-1.1075855677358657,0.6064392492910938,0.48507125007266594,1.2646117731925912,0.8160725436184852,0.43020560646831274,-0.1353636570063488,0.6965248386881029,0.3195565989836521,1.011976474796805
1.0,0.2835239885618714,0.3178148891507754,1.0806223599096896,1.9227259295073753,1.2524396698323876,-0.7660855485181041,0.5490248690887504,-0.4567637173913662,-0.9973649807276903,-1.285080242439918,-0.39527252598642865,0.08601637928844193,-0.011236188832619587,-0.024557976785137443,-0.005911157217639415,0.9024805998644644,-2.0615528128088303,-0.1839435306461951,1.1375258594589208,0.43020560646831274,0.6372272489966235,1.1648811514213677,-1.873264073108376,1.011976474796805
0.0,0.2835239885618714,-0.3930069802175,0.42522684920634013,1.9227259295073753,-0.6298214490825411,-0.7660855485181041,2.4368998575342786,2.189315748875859,-0.7864252559161156,2.4889603599552523,-2.097984945620275,-3.366761366300881,-2.691741396742446,-2.674469911036708,-2.7253584381222744,0.4104324515700466,0.48507125007266594,-0.1839435306461951,0.12919058684086882,-0.13843752403268184,-0.26239010412862374,0.19536394226607132,1.1110478118502085,-0.9881652636251156
1.0,0.2835239885618714,1.076066974901145,1.1898549450269145,1.9227259295073753,0.6651768014614156,-0.7660855485181041,0.25858256317405376,-0.4567637173913662,0.07304175509145527,-0.01473920967306657,-2.097984945620275,0.08601637928844193,-0.011236188832619587,-0.014986983635195223,-0.05259159096173488,1.0841049945742252,0.48507125007266594,2.713167077031377,1.3060869363369683,0.08901972816771599,-1.1723226387268564,1.327272160316085,0.35953183134171235,1.011976474796805
1.0,0.2835239885618714,0.9865210995401869,2.2821807961991634,1.9227259295073753,-0.572869501170445,-0.7660855485181041,0.020004954744124386,-0.4567637173913662,-0.033272496534031505,0.21107657331858057,-0.39527252598642865,-1.0029249287574304,-1.0683368342055088,-1.1086741201060155,-1.0231649968120935,2.4815958875319244,0.48507125007266594,1.7474635411388533,2.0992361740126957,0.08901972816771599,-0.8167156719133284,2.180005901227493,0.47092709240739516,1.011976474796805
1.0,0.2835239885618714,0.6088135701420718,1.4083201152613642,1.9227259295073753,-0.1494947698364185,-0.7660855485181041,-2.313906432070402,2.189315748875859,0.5863350640696249,-0.5834260958715164,-2.097984945620275,0.4227018325778943,0.3662997559434123,0.42200293146369267,0.3397312469354145,1.2849593864755091,0.48507125007266594,0.29890823730006705,1.326012462814117,-0.8208092806338753,0.866050525458857,1.2380757011899162,-0.03709483605662973,-0.9881652636251156
1.0,0.2835239885618714,0.4717343745446794,1.1898549450269145,1.9227259295073753,0.4600737690515246,-0.7660855485181041,0.12373434971365889,-0.4567637173913662,0.06082237264136509,1.278232445211188,-0.39527252598642865,-0.6662394754679823,-0.7663080783846834,-0.7487227419209682,-0.8156962830404723,1.1815826377991674,0.48507125007266594,0.29890823730006705,1.1648139020507324,0.8851201108691084,0.3839345330250845,1.3466240098692515,0.8417407807062544,1.011976474796805
1.0,0.2835239885618714,-0.4113800886576536,0.534459434323565,1.9227259295073753,-0.2955339856896658,-0.7660855485181041,-0.011113863746735966,-0.4567637173913662,-0.7220043843208773,0.27225082767627873,-2.097984945620275,-0.09145785100295695,-0.20000416122063552,-0.22015058288967948,-0.1879026330744195,0.557496821423787,0.48507125007266594,1.2646117731925912,0.5204692704261021,-0.536487715383378,-0.8283634231560645,0.49568510442934405,0.498317166017598,1.011976474796805
1.0,1.871258324508351,-0.543492327680848,2.1729482110819385,1.9227259295073753,-0.5570993125479022,-0.7660855485181041,0.36231195814358824,2.189315748875859,-0.2805602992360769,-1.2512261432953644,-2.097984945620275,-0.27563078308044814,-0.3887721336086515,-0.363796065571536,-0.3670652685535819,2.0030498851116834,0.48507125007266594,2.713167077031377,2.0262943435181,0.8851201108691084,-1.3957062134037352,2.1130477911955508,-1.5423388237893294,1.011976474796805
1.0,0.2835239885618714,-1.8430507217282766,-0.011703491262559478,1.9227259295073753,-0.4288168775275926,-0.7660855485181041,-0.21857265368580497,2.189315748875859,-0.8985863173187044,0.66582541279116,-0.39527252598642865,-1.0029249287574304,-1.0683368342055088,-1.0306585169949138,-1.0294877758118344,0.16200924008317483,0.48507125007266594,0.7817600052463292,-0.1545713385248744,-0.25216615013288074,-1.7481436435898634,0.05415639997352467,0.6530030868102621,1.011976474796805
1.0,1.871258324508351,1.5411132245030537,0.7529246045580148,1.9227259295073753,-0.43313621882850234,2.2039691934290073,-0.2393185326797119,2.189315748875859,-0.5212345727059858,-0.9814157210231401,-2.097984945620275,-1.5559693079945174,-1.5213799679367472,-1.5044014338496934,-1.5787041082684017,0.7694620647976133,0.48507125007266594,0.29890823730006705,0.7066915667874245,0.43020560646831274,0.716604320607296,0.7762163316145189,-0.5643767428147808,-0.9881652636251156
1.0,0.2835239885618714,0.6226012293520631,1.2990875301441394,1.9227259295073753,0.7861157786100622,-0.7660855485181041,0.39343077663444864,-0.4567637173913662,0.270972000241148,-1.3123190728195884,1.3074398936474174,0.08601637928844193,-0.011236188832619587,-0.009207933383359415,-0.012327695657217216,1.315750040473972,0.48507125007266594,0.29890823730006705,1.2163365138407711,-1.275723785034671,1.9424555391700051,1.2612238214593499,-2.334968142247673,-0.9881652636251156
1.0,1.871258324508351,1.0418610861617843,0.31599426408911524,1.9227259295073753,-1.6922402657293922,-0.7660855485181041,0.4867872321070297,2.189315748875859,-1.4742340781754188,1.9153325874421059,-0.39527252598642865,0.7376500406394039,0.7438357007194442,0.7740187878845148,0.7437183017991016,0.14966837897759122,0.48507125007266594,0.7817600052463292,0.4212187458470581,0.5439342325685116,0.6104997299149323,0.16793141751537835,0.9960467322588581,1.011976474796805
1.0,0.2835239885618714,1.0793399508281107,-1.7594248531381578,1.9227259295073753,1.1865660713447956,-0.7660855485181041,0.6838730825491453,-0.4567637173913662,-0.5991692569688132,-0.5087612528490937,-2.097984945620275,-1.3178731368189442,-1.3326119955487312,-1.3032032635038944,-1.3965742597498068,-1.6773416145580353,0.48507125007266594,0.29890823730006705,-1.7657733694379865,-1.3894524111348698,0.5730713883281087,-1.7710449252374139,0.02946434337974736,1.011976474796805
1.0,1.871258324508351,1.2872326241662664,1.0806223599096896,1.9227259295073753,0.5502404057892535,-0.7660855485181041,-0.31192910915838606,-0.4567637173913662,-0.036067863450374923,0.622501221904474,-0.39527252598642865,-0.09145785100295695,-0.20000416122063552,-0.19722782020670437,-0.17932766649087226,0.946820277247401,0.48507125007266594,-0.6667952985924572,0.9987579786480585,0.8851201108691084,0.40744151408440743,1.1563527364998816,0.6375375183856781,1.011976474796805
1.0,-1.304210347384608,-3.410704840856219,0.09752909385466542,1.9227259295073753,-0.7769231751466057,-0.7660855485181041,0.030377894241077837,-0.4567637173913662,0.5919294789131525,1.5348963419399468,-2.097984945620275,-0.3895660007489477,-0.502032917041461,-0.609937909693563,-0.5166832812047423,0.04417715487813645,0.48507125007266594,0.49204894447857184,0.14140705166266113,-0.8208092806338753,1.701701821600376,0.14932649563525474,0.9079940914954324,1.011976474796805
0.0,-1.304210347384608,-0.8730791162486843,-0.33940124661423415,1.9227259295073753,0.8309254597647298,-0.7660855485181041,0.36231195814358824,2.189315748875859,-0.341591000961219,1.5676806640263024,1.3074398936474174,-1.7551807835138546,-1.67239434584716,-1.6287776828958709,-1.6606577058072403,-0.32732160948625333,-2.0615528128088303,-0.1839435306461951,-0.17692650232138174,-1.161995158934472,-0.23816946125580746,-0.47991496287440716,0.9160277228723731,-0.9881652636251156
